Store Name,Store Address,DC Address,Shipper Address,Store Latitude,Store Longitude,DC Latitude,DC Longitude,Shipper Latitude,Shipper Longitude
Safeway 14th St,"415 14th St SE, Washington, DC 20003, USA","500 South Muddy Creek Road, Denver, PA 17517","400 Wabash Road, Ephrata, PA 17522",38.8836229,-76.985799,40.2129877,-76.0802754,40.2076711,-76.1532554
Safeway 4th St SW,"1100 4th St SW, Washington, DC 20024, USA","500 South Muddy Creek Road, Denver, PA 17517","400 Wabash Road, Ephrata, PA 17522",38.8776018,-77.0173133,40.2129877,-76.0802754,40.2076711,-76.1532554
ACME Salisbury,"751 S Salisbury Blvd, Salisbury, MD 21801, USA","500 South Muddy Creek Road, Denver, PA 17517","400 Wabash Road, Ephrata, PA 17522",38.3548239,-75.5992574,40.2129877,-76.0802754,40.2076711,-76.1532554
ACME Fort Lee,"2160 Lemoine Avenue, Fort Lee, NJ 07024, USA","500 South Muddy Creek Road, Denver, PA 17517","400 Wabash Road, Ephrata, PA 17522",40.8560581,-73.9651878,40.2129877,-76.0802754,40.2076711,-76.1532554
Kings 650 Valley Rd,"650 Valley Road, Montclair, NJ 07043, USA","500 South Muddy Creek Road, Denver, PA 17517","400 Wabash Road, Ephrata, PA 17522",40.843542,-74.208128,40.2129877,-76.0802754,40.2076711,-76.1532554
Kings 70 Union Ave,"70 Union Avenue, Cresskill, NJ 07626, USA","500 South Muddy Creek Road, Denver, PA 17517","400 Wabash Road, Ephrata, PA 17522",40.9409025,-73.9603205,40.2129877,-76.0802754,40.2076711,-76.1532554
Safeway Nutley St,"3043 Nutley Street, Fairfax, VA 22031, USA","500 South Muddy Creek Road, Denver, PA 17517","400 Wabash Road, Ephrata, PA 17522",38.8709568,-77.2625505,40.2129877,-76.0802754,40.2076711,-76.1532554
Safeway Wilson Blvd,"1525 Wilson Blvd, Arlington, VA 22205, USA","500 South Muddy Creek Road, Denver, PA 17517","400 Wabash Road, Ephrata, PA 17522",38.8951935,-77.0753931,40.2129877,-76.0802754,40.2076711,-76.1532554
Safeway Redland Blvd,"403 Redland Blvd, Rockville, MD 20850, USA","500 South Muddy Creek Road, Denver, PA 17517","400 Wabash Road, Ephrata, PA 17522",39.1129515,-77.1716447,40.2129877,-76.0802754,40.2076711,-76.1532554
Safeway Fairwood Pkwy,"12410 Fairwood Pkwy, Bowie, MD 20720, USA","500 South Muddy Creek Road, Denver, PA 17517","400 Wabash Road, Ephrata, PA 17522",38.9651185,-76.7892636,40.2129877,-76.0802754,40.2076711,-76.1532554
ACME Saddle Brook,"75 Mayhill Street, Saddle Brook, NJ 07663, USA","500 South Muddy Creek Road, Denver, PA 17517","400 Wabash Road, Ephrata, PA 17522",40.8992866,-74.0922138,40.2129877,-76.0802754,40.2076711,-76.1532554
Safeway Crain Hwy,"7605 Crain Hwy, Upper Marlboro, MD 20772, USA","500 South Muddy Creek Road, Denver, PA 17517","400 Wabash Road, Ephrata, PA 17522",38.7864052,-76.7941215,40.2129877,-76.0802754,40.2076711,-76.1532554
ACME Kenilworth Blvd,"801 Kenilworth Blvd, Kenilworth, NJ 07033, USA","500 South Muddy Creek Road, Denver, PA 17517","400 Wabash Road, Ephrata, PA 17522",40.6779004,-74.2815694,40.2129877,-76.0802754,40.2076711,-76.1532554
ACME Coastal Hwy,"18578 Coastal Hwy Unit 13, Rehoboth Beach, DE 19971, USA","500 South Muddy Creek Road, Denver, PA 17517","400 Wabash Road, Ephrata, PA 17522",38.7367346,-75.143677,40.2129877,-76.0802754,40.2076711,-76.1532554
ACME Newark,"100 Suburban Drive, Newark, DE 19711, USA","500 South Muddy Creek Road, Denver, PA 17517","400 Wabash Road, Ephrata, PA 17522",39.6679771,-75.7755768,40.2129877,-76.0802754,40.2076711,-76.1532554
Safeway Bradley Blvd,"5000 Bradley Blvd, Bethesda, MD 20815, USA","500 South Muddy Creek Road, Denver, PA 17517","400 Wabash Road, Ephrata, PA 17522",38.9774035,-77.0991291,40.2129877,-76.0802754,40.2076711,-76.1532554
Giant East Market Street,"2415 East Market Street, York, PA 17402, USA","1621 Industrial Drive, Carlisle, PA 17013","400 Wabash Road, Ephrata, PA 17522",39.9752839,-76.6786287,40.200796,-77.2314755,40.2076711,-76.1532554
Martin's Londontown Blvd,"1320 Londontown Blvd, Eldersburg, MD 21784, USA","1621 Industrial Drive, Carlisle, PA 17013","400 Wabash Road, Ephrata, PA 17522",39.4109924,-76.9486179,40.200796,-77.2314755,40.2076711,-76.1532554
Fort Belvoir Commissary,"6050 Gorgas Rd Bldg. 2325, Fort Belvoir, VA 22060, USA","9500 Pohick Road, Fort Belvoir, VA 22060","400 Wabash Road, Ephrata, PA 17522",38.7190613,-77.1450142,38.6994527,-77.1556933,40.2076711,-76.1532554
Glatfelter Insurance Group,"183 Leader Heights Rd. , York , PA 17402, USA","183 Leader Heights Road, York, PA 17402","400 Wabash Road, Ephrata, PA 17522",39.9119777,-76.7001866,39.9119777,-76.7001866,40.2076711,-76.1532554
Schnucks City Plaza,"3431 Union Blvd., St. Louis, MO 63115, USA","8500 Scudder Rd, Kinloch, MO 63140","72 Produce Row, St Louis, MO 63102",38.6793947,-90.2612707,38.738523,-90.3304905,38.6534191,-90.1888562
Schnucks Overland,"9074 Overland Plaza, Overland, MO 63114, USA","8500 Scudder Rd, Kinloch, MO 63140","72 Produce Row, St Louis, MO 63102",38.6853238,-90.3591496,38.738523,-90.3304905,38.6534191,-90.1888562
Schnucks Fenton,"45 Gravois Bluffs Plaza Drive, Fenton, MO 63026, USA","8500 Scudder Rd, Kinloch, MO 63140","72 Produce Row, St Louis, MO 63102",38.5076161,-90.4475027,38.738523,-90.3304905,38.6534191,-90.1888562
Schnucks Westfall Plaza,"8037 West Florissant Avenue, Jennings, MO 63136, USA","8500 Scudder Rd, Kinloch, MO 63140","72 Produce Row, St Louis, MO 63102",38.7292979,-90.2743293,38.738523,-90.3304905,38.6534191,-90.1888562
Schnucks Ladue,"8867 Ladue Rd, Ladue, MO 63124, USA","8500 Scudder Rd, Kinloch, MO 63140","72 Produce Row, St Louis, MO 63102",38.6562455,-90.3541878,38.738523,-90.3304905,38.6534191,-90.1888562
Schnucks Arsenal,"5055 Arsenal Street, St. Louis, MO  63139, USA","8500 Scudder Rd, Kinloch, MO 63140","72 Produce Row, St Louis, MO 63102",38.6069446,-90.2741476,38.738523,-90.3304905,38.6534191,-90.1888562
Schnucks Twin Oaks,"1393 Big Bend, Suite 1, Ballwin, MO 63021, USA","8500 Scudder Rd, Kinloch, MO 63140","72 Produce Row, St Louis, MO 63102",38.5694602,-90.4985004,38.738523,-90.3304905,38.6534191,-90.1888562
Schnucks Lindbergh,"10275 Clayton Rd, St. Louis, MO  63124, USA","8500 Scudder Rd, Kinloch, MO 63140","72 Produce Row, St Louis, MO 63102",38.6342573,-90.4049098,38.738523,-90.3304905,38.6534191,-90.1888562
Schnucks Seven Hills,"907 East Hwy 50, O'Fallon, IL 62269, USA","8500 Scudder Rd, Kinloch, MO 63140","72 Produce Row, St Louis, MO 63102",38.5834689,-89.8965197,38.738523,-90.3304905,38.6534191,-90.1888562
Schnucks Bridgeton,"11253 St. Charles Rock Rd, Bridgeton, MO 63044, USA","8500 Scudder Rd, Kinloch, MO 63140","72 Produce Row, St Louis, MO 63102",38.7407993,-90.4003703,38.738523,-90.3304905,38.6534191,-90.1888562
Schnucks Cross Keys,"13987 New Halls Ferry Rd, Florissant, MO 63033, USA","8500 Scudder Rd, Kinloch, MO 63140","72 Produce Row, St Louis, MO 63102",38.8067683,-90.3013075,38.738523,-90.3304905,38.6534191,-90.1888562
Schnucks Sierra Vista,"1589 Sierra Vista Plaza, St. Louis, MO 63138, USA","8500 Scudder Rd, Kinloch, MO 63140","72 Produce Row, St Louis, MO 63102",38.7716218,-90.2194834,38.738523,-90.3304905,38.6534191,-90.1888562
Schnucks Edwardsville,"2222 Troy Rd, Edwardsville, IL 62025, USA","8500 Scudder Rd, Kinloch, MO 63140","72 Produce Row, St Louis, MO 63102",38.7857157,-89.9485295,38.738523,-90.3304905,38.6534191,-90.1888562
Schnucks Rockford Plaza,"2642 Charles Street, Rockford, IL 61108, USA","8500 Scudder Rd, Kinloch, MO 63140","72 Produce Row, St Louis, MO 63102",42.2614113,-89.0537333,38.738523,-90.3304905,38.6534191,-90.1888562
Schnucks Richmond Center,"6600 Clayton Rd, Clayton, MO 63117, USA","8500 Scudder Rd, Kinloch, MO 63140","72 Produce Row, St Louis, MO 63102",38.6335518,-90.315441,38.738523,-90.3304905,38.6534191,-90.1888562
Schnucks East State,"6410 E. State Street, Rockford, IL 61108, USA","8500 Scudder Rd, Kinloch, MO 63140","72 Produce Row, St Louis, MO 63102",42.2703479,-88.9919352,38.738523,-90.3304905,38.6534191,-90.1888562
Schnucks Providence,"111 S. Providence Rd , Columbia , MO 65203, USA","8500 Scudder Rd, Kinloch, MO 63140","72 Produce Row, St Louis, MO 63102",38.9501582,-92.3356652,38.738523,-90.3304905,38.6534191,-90.1888562
Schnucks Eureka,"245 E 5th Street, Eureka, MO 63025, USA","8500 Scudder Rd, Kinloch, MO 63140","72 Produce Row, St Louis, MO 63102",38.506774,-90.6198969,38.738523,-90.3304905,38.6534191,-90.1888562
Schnucks Woods Mill,"1060 Woods Mill Rd, Town and Country, MO 63017, USA","8500 Scudder Rd, Kinloch, MO 63140","72 Produce Row, St Louis, MO 63102",38.6230103,-90.5137021,38.738523,-90.3304905,38.6534191,-90.1888562
Schnucks Lindenwood,"1900 1st Capitol Drive, St. Charles, MO 63301, USA","8500 Scudder Rd, Kinloch, MO 63140","72 Produce Row, St Louis, MO 63102",38.7823728,-90.5010822,38.738523,-90.3304905,38.6534191,-90.1888562
Schnucks Savoy,"1301 Savoy Plaza Lane, Savoy, IL 61874, USA","8500 Scudder Rd, Kinloch, MO 63140","72 Produce Row, St Louis, MO 63102",40.0705142,-88.2520503,38.738523,-90.3304905,38.6534191,-90.1888562
Schnucks Champaign,"109 N. Mattis Rd, Champaign, IL 61821, USA","8500 Scudder Rd, Kinloch, MO 63140","72 Produce Row, St Louis, MO 63102",40.1170124,-88.2788105,38.738523,-90.3304905,38.6534191,-90.1888562
Schnucks Crestwood,"9540 Watson Rd, St. Louis , MO 63126, USA","8500 Scudder Rd, Kinloch, MO 63140","72 Produce Row, St Louis, MO 63102",38.5571789,-90.3787595,38.738523,-90.3304905,38.6534191,-90.1888562
Schnucks Montvale,"2801 Chatham Rd, Springfield, IL 62704, USA","8500 Scudder Rd, Kinloch, MO 63140","72 Produce Row, St Louis, MO 63102",39.7679371,-89.6883417,38.738523,-90.3304905,38.6534191,-90.1888562
Schnucks Loves Park,"1810 Harlem Rd, Loves Park, IL 61111, USA","8500 Scudder Rd, Kinloch, MO 63140","72 Produce Row, St Louis, MO 63102",42.3414381,-89.0306403,38.738523,-90.3304905,38.6534191,-90.1888562
Schnucks Urbana,"200 N Vine Street, Urbana , IL 61802, USA","8500 Scudder Rd, Kinloch, MO 63140","72 Produce Row, St Louis, MO 63102",40.1137976,-88.2038102,38.738523,-90.3304905,38.6534191,-90.1888562
Schnucks Brentwood,"8800 Manchester Rd, Brentwood , MO 63144, USA","8500 Scudder Rd, Kinloch, MO 63140","72 Produce Row, St Louis, MO 63102",38.6114876,-90.3504199,38.738523,-90.3304905,38.6534191,-90.1888562
Schnucks Hampton Village,"60 Hampton Village Plaza, St. Louis , MO 63109, USA","8500 Scudder Rd, Kinloch, MO 63140","72 Produce Row, St Louis, MO 63102",38.5922139,-90.2924057,38.738523,-90.3304905,38.6534191,-90.1888562
Schnucks Chesterfield,"141 Hilltown Village Center, Chesterfield, MO 63017, USA","8500 Scudder Rd, Kinloch, MO 63140","72 Produce Row, St Louis, MO 63102",38.6589367,-90.5531968,38.738523,-90.3304905,38.6534191,-90.1888562
Schnucks Des Peres,"12332 Manchester Rd, Des Peres, MO 63131, USA","8500 Scudder Rd, Kinloch, MO 63140","72 Produce Row, St Louis, MO 63102",38.6015031,-90.4421284,38.738523,-90.3304905,38.6534191,-90.1888562
Schnucks Dorsett,"2030 Dorsett Rd, Maryland Heights, MO 63043, USA","8500 Scudder Rd, Kinloch, MO 63140","72 Produce Row, St Louis, MO 63102",38.7159839,-90.4563135,38.738523,-90.3304905,38.6534191,-90.1888562
Schnucks Belleville West,"5720 North Belt West, Belleville, IL 62223, USA","8500 Scudder Rd, Kinloch, MO 63140","72 Produce Row, St Louis, MO 63102",38.5408134,-90.0344032,38.738523,-90.3304905,38.6534191,-90.1888562
Schnucks Butler Hill,"4333 Butler Hill Rd, St. Louis, MO 63128, USA","8500 Scudder Rd, Kinloch, MO 63140","72 Produce Row, St Louis, MO 63102",38.4867469,-90.3580665,38.738523,-90.3304905,38.6534191,-90.1888562
Schnucks Swansea,"2665 N. Illinois Street, Swansea, IL 62226, USA","8500 Scudder Rd, Kinloch, MO 63140","72 Produce Row, St Louis, MO 63102",38.5424587,-89.9851346,38.738523,-90.3304905,38.6534191,-90.1888562
Schnucks Cape Girardeau,"19 S Kingshighway, Cape Girardeau, MO 63703, USA","8500 Scudder Rd, Kinloch, MO 63140","72 Produce Row, St Louis, MO 63102",37.3051899,-89.5540965,38.738523,-90.3304905,38.6534191,-90.1888562
Schnucks Lawndale,"5000 Washington Ave, Evansville, IN 47715, USA","8500 Scudder Rd, Kinloch, MO 63140","72 Produce Row, St Louis, MO 63102",37.9628829,-87.4905727,38.738523,-90.3304905,38.6534191,-90.1888562
Schnucks Darmstadt,"600 E Boonville-New Harmony Rd, Evansville , IN 47725, USA","8500 Scudder Rd, Kinloch, MO 63140","72 Produce Row, St Louis, MO 63102",38.0956439,-87.5529435,38.738523,-90.3304905,38.6534191,-90.1888562
Schnucks Union,"401 Central Avenue, Union, MO 63084, USA","8500 Scudder Rd, Kinloch, MO 63140","72 Produce Row, St Louis, MO 63102",38.455918,-91.0049291,38.738523,-90.3304905,38.6534191,-90.1888562
Schnucks Roscoe,"4860 Hononegah Rd, Roscoe, IL 61073, USA","8500 Scudder Rd, Kinloch, MO 63140","72 Produce Row, St Louis, MO 63102",42.4325116,-89.0201714,38.738523,-90.3304905,38.6534191,-90.1888562
Schnucks Richardson Road,"3900 Vogel Rd, Arnold, MO 63010, USA","8500 Scudder Rd, Kinloch, MO 63140","72 Produce Row, St Louis, MO 63102",38.4160438,-90.394629,38.738523,-90.3304905,38.6534191,-90.1888562
Schnucks Webster Groves,"8650 Big Bend Blvd, St. Louis, MO 63119, USA","8500 Scudder Rd, Kinloch, MO 63140","72 Produce Row, St Louis, MO 63102",38.582778,-90.3567484,38.738523,-90.3304905,38.6534191,-90.1888562
Schnucks Lake St. Louis,"101 Civic Center Dr, Lake St Louis, MO 63367, USA","8500 Scudder Rd, Kinloch, MO 63140","72 Produce Row, St Louis, MO 63102",38.7846565,-90.7968239,38.738523,-90.3304905,38.6534191,-90.1888562
Schnucks Affton,"10070 Gravois Rd, St. Louis, MO 63123, USA","8500 Scudder Rd, Kinloch, MO 63140","72 Produce Row, St Louis, MO 63102",38.5491995,-90.336307,38.738523,-90.3304905,38.6534191,-90.1888562
Schnucks Washington,"2073 Washington Crossing, Washington, MO 63090, USA","8500 Scudder Rd, Kinloch, MO 63140","72 Produce Row, St Louis, MO 63102",38.5359743,-91.0082167,38.738523,-90.3304905,38.6534191,-90.1888562
Schnucks Wentzville Crossing,"1960 Wentzville Pkwy, Wentzville, MO 63385, USA","8500 Scudder Rd, Kinloch, MO 63140","72 Produce Row, St Louis, MO 63102",38.8145954,-90.8736953,38.738523,-90.3304905,38.6534191,-90.1888562
Schnucks Godfrey,"2712 Godfrey Rd, Godfrey, IL 62035, USA","8500 Scudder Rd, Kinloch, MO 63140","72 Produce Row, St Louis, MO 63102",38.9234722,-90.1940025,38.738523,-90.3304905,38.6534191,-90.1888562
Maryville University,"650 Maryville University Drive , St. Louis, MO 63141, USA","650 Maryville University Dr, Town and Country, MO 63141","72 Produce Row, St Louis, MO 63102",38.6453414,-90.5057015,38.6453414,-90.5057015,38.6534191,-90.1888562
Crop's Fresh Marketplace,"1257 Horseshoe Pike , Downingtown, PA 19335, USA","1257 Horseshoe Pike, Downingtown, PA 19335","400 Wabash Road, Ephrata, PA 17522",40.0370769,-75.7683995,40.0370769,-75.7683995,40.2076711,-76.1532554
Schnucks Cherry Valley,"2206 Barnes Blvd, Rockford, IL 61112, USA","8500 Scudder Rd, Kinloch, MO 63140","72 Produce Row, St Louis, MO 63102",42.2431076,-88.9775845,38.738523,-90.3304905,38.6534191,-90.1888562
Coborn's Sauk Rapids,"110 1st St S SAUK RAPIDS, S Sauk Rapids, MN 56379, USA","275 74th St South, St. Cloud, MN 56301","72 Produce Row, St Louis, MO 63102",45.5873786,-94.1637517,45.457926,-94.109887,38.6534191,-90.1888562
Coborn's Clearwater,"705 County Road 75 NW, Clearwater, MN 55320, USA","275 74th St South, St. Cloud, MN 56301","72 Produce Row, St Louis, MO 63102",45.4154858,-94.0524504,45.457926,-94.109887,38.6534191,-90.1888562
Coborn's Princeton,"1100 7th Ave South, Princeton, MN 55371, USA","275 74th St South, St. Cloud, MN 56301","72 Produce Row, St Louis, MO 63102",45.559044,-93.5833187,45.457926,-94.109887,38.6534191,-90.1888562
Coborn's Elk River,"19425 Evans St NW, Elk River, MN 55330, USA","275 74th St South, St. Cloud, MN 56301","72 Produce Row, St Louis, MO 63102",45.3190581,-93.5574733,45.457926,-94.109887,38.6534191,-90.1888562
Coborn's Albertville,"5698 La Centre Ave NE, Albertville, MN 55301, USA","275 74th St South, St. Cloud, MN 56301","72 Produce Row, St Louis, MO 63102",45.2334181,-93.6625184,45.457926,-94.109887,38.6534191,-90.1888562
Coborn's Ramsey,"7900 Sunwood Dr NW, Ramsey, MN 55303, USA","275 74th St South, St. Cloud, MN 56301","72 Produce Row, St Louis, MO 63102",45.2346948,-93.4684197,45.457926,-94.109887,38.6534191,-90.1888562
Coborn's Isanti,"209 6th Avenue Northeast, Isanti, MN 55040, USA","275 74th St South, St. Cloud, MN 56301","72 Produce Row, St Louis, MO 63102",45.4909715,-93.2351954,45.457926,-94.109887,38.6534191,-90.1888562
Coborn's Otsego,"15700 88th St NE, Ostego, MN 55330, USA","275 74th St South, St. Cloud, MN 56301","72 Produce Row, St Louis, MO 63102",45.280123,-93.5673082,45.457926,-94.109887,38.6534191,-90.1888562
Marketplace Foods Rice Lake,"330 S Main St, Rice Lake, WI 54868, USA","275 74th St South, St. Cloud, MN 56301","72 Produce Row, St Louis, MO 63102",45.4954096,-91.7352927,45.457926,-94.109887,38.6534191,-90.1888562
Cash Wise Willmar,"1300 5th St Southeast, Willmar, MN 56201, USA","275 74th St South, St. Cloud, MN 56301","72 Produce Row, St Louis, MO 63102",45.1100117,-95.0400405,45.457926,-94.109887,38.6534191,-90.1888562
Cash Wise Waite Park,"113 South Waite Avenue, Waite Park, MN 56387, USA","275 74th St South, St. Cloud, MN 56301","72 Produce Row, St Louis, MO 63102",45.5512104,-94.2152841,45.457926,-94.109887,38.6534191,-90.1888562
Cash Wise Hutchinson,"1020 Highway 15 South, Hutchinson, MN 55350, USA","275 74th St South, St. Cloud, MN 56301","72 Produce Row, St Louis, MO 63102",44.877505,-94.3791638,45.457926,-94.109887,38.6534191,-90.1888562
Cash Wise Fargo - 13th Ave,"1401 33rd St South, Fargo, ND 58103, USA","275 74th St South, St. Cloud, MN 56301","72 Produce Row, St Louis, MO 63102",46.8590758,-96.8339833,45.457926,-94.109887,38.6534191,-90.1888562
Cash Wise Dickinson,"1761 3rd Avenue West, Dickinson, ND 58601, USA","275 74th St South, St. Cloud, MN 56301","72 Produce Row, St Louis, MO 63102",46.901455,-102.7921644,45.457926,-94.109887,38.6534191,-90.1888562
Tadych's Marquette,"1401 Odovero Dr, Marquette, MI 49855, USA","275 74th St South, St. Cloud, MN 56301","72 Produce Row, St Louis, MO 63102",46.5422755,-87.4239962,45.457926,-94.109887,38.6534191,-90.1888562
Tadych's Iron Mountain,"1600 South Stephenson Ave, Iron Mountain, MI 49801, USA","275 74th St South, St. Cloud, MN 56301","72 Produce Row, St Louis, MO 63102",45.8069757,-88.0510374,45.457926,-94.109887,38.6534191,-90.1888562
Tadych's Houghton,"1000 West Sharon Ave, Houghton, MI 49931, USA","275 74th St South, St. Cloud, MN 56301","72 Produce Row, St Louis, MO 63102",47.1146194,-88.5901092,45.457926,-94.109887,38.6534191,-90.1888562
Weis Markets Parkville,"9613 Harford Road, Parkville, MD 21234, USA","16 S Industrial Park Rd, Milton, PA 17847","400 Wabash Road, Ephrata, PA 17522",39.3955572,-76.5224479,40.9886013,-76.8531525,40.2076711,-76.1532554
Weis Markets Baltimore,"1080 Maiden Choice Lane, Baltimore, MD 21229, USA","16 S Industrial Park Rd, Milton, PA 17847","400 Wabash Road, Ephrata, PA 17522",39.2608466,-76.6959952,40.9886013,-76.8531525,40.2076711,-76.1532554
Weis Markets York,"2065 Springwood Road, York, PA 17403, USA","16 S Industrial Park Rd, Milton, PA 17847","400 Wabash Road, Ephrata, PA 17522",39.9410945,-76.6921228,40.9886013,-76.8531525,40.2076711,-76.1532554
Weis Markets Frederick,"6093 Spring Ridge Parkway, Frederick, MD 21701, USA","16 S Industrial Park Rd, Milton, PA 17847","400 Wabash Road, Ephrata, PA 17522",39.3991323,-77.3459096,40.9886013,-76.8531525,40.2076711,-76.1532554
Weis Markets Bellefonte,"170 Buckaroo Lane, Bellefonte, PA 16823, USA","16 S Industrial Park Rd, Milton, PA 17847","400 Wabash Road, Ephrata, PA 17522",40.9126305,-77.7389491,40.9886013,-76.8531525,40.2076711,-76.1532554
Weis Markets Clarks Summit,"1020 Northern Boulevard, Clarks Summit, PA 18411, USA","16 S Industrial Park Rd, Milton, PA 17847","400 Wabash Road, Ephrata, PA 17522",41.4851178,-75.6907088,40.9886013,-76.8531525,40.2076711,-76.1532554
Weis Markets Huntingdon Valley,"2100 County Line Road, Huntingdon Valley, PA 19006, USA","16 S Industrial Park Rd, Milton, PA 17847","400 Wabash Road, Ephrata, PA 17522",40.1693959,-75.0729888,40.9886013,-76.8531525,40.2076711,-76.1532554
Coborn's Buffalo,"630 Ryan's Way, Buffalo, MN 55313, USA","275 74th St South, St. Cloud, MN 56301","72 Produce Row, St Louis, MO 63102",45.1769463,-93.8621531,45.457926,-94.109887,38.6534191,-90.1888562
Cash Wise Jamestown,"410 10th St SE, Jamestown, ND 58401, USA","275 74th St South, St. Cloud, MN 56301","72 Produce Row, St Louis, MO 63102",46.8976087,-98.7033407,45.457926,-94.109887,38.6534191,-90.1888562
Weis Markets Perry Hall,"9400 Scott Moore Way, Perry Hall, MD 21128, USA","16 S Industrial Park Rd, Milton, PA 17847","400 Wabash Road, Ephrata, PA 17522",39.4056574,-76.4422556,40.9886013,-76.8531525,40.2076711,-76.1532554
Schnucks Green River,"3501 North Green River Road, Evansville, IN 47715, USA","8500 Scudder Rd, Kinloch, MO 63140","72 Produce Row, St Louis, MO 63102",38.0095743,-87.4896278,38.738523,-90.3304905,38.6534191,-90.1888562
Rubschlager Building at RUSH - 1st Floor,"1520 West Harrison St. , Chicago, IL 60612, USA","1438 W. Harrison St, Chicago, IL 60607","72 Produce Row, St Louis, MO 63102",41.8746256,-87.6656454,41.8750434,-87.6638929,38.6534191,-90.1888562
Coborn's Little Falls,"1101 2nd Avenue Northeast, Little Falls, MN 56345, USA","275 74th St South, St. Cloud, MN 56301","72 Produce Row, St Louis, MO 63102",45.9774005,-94.3442919,45.457926,-94.109887,38.6534191,-90.1888562
Coborn's Mora,"710 Frankie Ln, Mora, MN 55051, USA","275 74th St South, St. Cloud, MN 56301","72 Produce Row, St Louis, MO 63102",45.8699389,-93.2907106,45.457926,-94.109887,38.6534191,-90.1888562
Coborn's Huron,"2150 Dakota Ave South, Huron, SD 57350, USA","275 74th St South, St. Cloud, MN 56301","72 Produce Row, St Louis, MO 63102",44.3404775,-98.212754,45.457926,-94.109887,38.6534191,-90.1888562
Coborn's Mitchell,"1800 North Main St, Mitchell, SD 57301, USA","275 74th St South, St. Cloud, MN 56301","72 Produce Row, St Louis, MO 63102",43.7271575,-98.0242958,45.457926,-94.109887,38.6534191,-90.1888562
Coborn's Glencoe,"2211 11th St E, Glencoe, MN 55336, USA","275 74th St South, St. Cloud, MN 56301","72 Produce Row, St Louis, MO 63102",44.7709777,-94.1331452,45.457926,-94.109887,38.6534191,-90.1888562
Marketplace Foods Menomonie,"207 Pine Ave West, Menomonie, WI 54751, USA","275 74th St South, St. Cloud, MN 56301","72 Produce Row, St Louis, MO 63102",44.9021485,-91.9342028,45.457926,-94.109887,38.6534191,-90.1888562
Hornbacher’s West Fargo,"2050 Sheyenne St., West Fargo, ND 58078, USA","275 74th St South, St. Cloud, MN 56301","72 Produce Row, St Louis, MO 63102",46.8523734,-96.9082705,45.457926,-94.109887,38.6534191,-90.1888562
Hornbacher’s Fargo - Village W,"4101 S 13th Ave South, Fargo, ND 58103, USA","275 74th St South, St. Cloud, MN 56301","72 Produce Row, St Louis, MO 63102",46.8631391,-96.8499791,45.457926,-94.109887,38.6534191,-90.1888562
Hornbacher's Moorhead - Azool,"950 40th Ave South, Moorhead, MN 56560, USA","275 74th St South, St. Cloud, MN 56301","72 Produce Row, St Louis, MO 63102",46.8339756,-96.7656224,45.457926,-94.109887,38.6534191,-90.1888562
Cash Wise New Ulm,"1220 Westridge Rd, New Ulm, MN 56073, USA","275 74th St South, St. Cloud, MN 56301","72 Produce Row, St Louis, MO 63102",44.3281387,-94.4903579,45.457926,-94.109887,38.6534191,-90.1888562
Cash Wise Minot,"3208 16th St SouthWest, Minot, ND 58701, USA","275 74th St South, St. Cloud, MN 56301","72 Produce Row, St Louis, MO 63102",48.2029191,-101.3202928,45.457926,-94.109887,38.6534191,-90.1888562
Cash Wise Fargo - 52nd Ave South,"4907 Timber Parkway South, South Fargo, ND 58104, USA","275 74th St South, St. Cloud, MN 56301","72 Produce Row, St Louis, MO 63102",46.8066228,-96.8312778,45.457926,-94.109887,38.6534191,-90.1888562
Exxon Mobil North Complex Cafe,"4045 Scenic Hwy, Baton Rouge, LA 70805, USA","3545 Scenic Hwy, Baton Rouge, LA 70805","72 Produce Row, St Louis, MO 63102",30.4863413,-91.1697981,30.4816547,-91.1706984,38.6534191,-90.1888562
Exxon Mobil South Complex Cafe,"4045 Scenic Hwy, Baton Rouge, LA 70805, USA","3545 Scenic Hwy, Baton Rouge, LA 70805","72 Produce Row, St Louis, MO 63102",30.4863413,-91.1697981,30.4816547,-91.1706984,38.6534191,-90.1888562
Lockheed Martin 50' Aisle,"1 Lockheed Blvd, Fort Worth, TX 76108, USA","7920 Clifford St., Fort Worth, TX 76108","72 Produce Row, St Louis, MO 63102",32.7763222,-97.4472628,32.7659832,-97.4517732,38.6534191,-90.1888562
Lockheed Martin Aero Café ,"1 Lockheed Blvd, Fort Worth, TX 76108, USA","7920 Clifford St., Fort Worth, TX 76108","72 Produce Row, St Louis, MO 63102",32.7763222,-97.4472628,32.7659832,-97.4517732,38.6534191,-90.1888562
Schnucks Corporate Cafe,"11420 Lackland Road, St. Louis, MO 63146, USA","11420 Lackland Rd, St Louis, MO 63146","72 Produce Row, St Louis, MO 63102",38.6964589,-90.4166937,38.6964589,-90.4166937,38.6534191,-90.1888562
Festival Foods Kimberly,"800 East Maes Ave, Kimberly, WI 54136, USA","1940 Ridgeway St, Hammond, WI 54015","72 Produce Row, St Louis, MO 63102",44.2756319,-88.3254493,44.9611159,-92.438396,38.6534191,-90.1888562
Festival Foods Hudson,"1616 Crest View Drive, Hudson, WI 54016, USA","1940 Ridgeway St, Hammond, WI 54015","72 Produce Row, St Louis, MO 63102",44.9619173,-92.7358484,44.9611159,-92.438396,38.6534191,-90.1888562
Schnucks Festus,"1181 Gannon Plaza, Festus, MO 63028, USA","8500 Scudder Rd, Kinloch, MO 63140","72 Produce Row, St Louis, MO 63102",38.2103561,-90.4018437,38.738523,-90.3304905,38.6534191,-90.1888562
Schnucks Mason,"12756 Olive Blvd., St. Louis, MO 63141, USA","8500 Scudder Rd, Kinloch, MO 63140","72 Produce Row, St Louis, MO 63102",38.6784048,-90.4730918,38.738523,-90.3304905,38.6534191,-90.1888562
Schnucks Knoxville Crossing,"10405 N Centerway Dr., Peoria, IL 61615, USA","8500 Scudder Rd, Kinloch, MO 63140","72 Produce Row, St Louis, MO 63102",40.8151397,-89.6155633,38.738523,-90.3304905,38.6534191,-90.1888562
Maurer's Market Wisconsin Dells,"216 Washington Avenue, Wisconsin Dells, WI 53965, USA","1940 Ridgeway St, Hammond, WI 54015","72 Produce Row, St Louis, MO 63102",43.6258043,-89.7744903,44.9611159,-92.438396,38.6534191,-90.1888562
Riesbeck St. Clairsville ,"104 Plaza Drive, St. Clairsville, OH 43950, USA","500 S. Cartwright St., Goodlettsville, TN 37072","72 Produce Row, St Louis, MO 63102",40.0752937,-80.9181344,36.3201535,-86.7057931,38.6534191,-90.1888562
Riesbeck Foods Elm Grove,"2485 National Road, Wheeling, WV 26003, USA","500 S. Cartwright St., Goodlettsville, TN 37072","72 Produce Row, St Louis, MO 63102",40.0475303,-80.6494263,36.3201535,-86.7057931,38.6534191,-90.1888562
Festival Foods Wausau,"110 South 17th Avenue, Wausau, WI 54401, USA","1940 Ridgeway St, Hammond, WI 54015","72 Produce Row, St Louis, MO 63102",44.9636267,-89.6566372,44.9611159,-92.438396,38.6534191,-90.1888562
Festival Appleton Northland,"1200 W Northland Ave, Appleton, WI 54914, USA","1940 Ridgeway St, Hammond, WI 54015","72 Produce Row, St Louis, MO 63102",44.2888647,-88.4236538,44.9611159,-92.438396,38.6534191,-90.1888562
Festival Mount Pleasant,"5740 Washington Avenue, Mount Pleasant, WI 53406, USA","1940 Ridgeway St, Hammond, WI 54015","72 Produce Row, St Louis, MO 63102",42.721311,-87.8497178,44.9611159,-92.438396,38.6534191,-90.1888562
Barnesville Grocery,"123 2nd Street SE, Barnesville, MN 56514, USA","1940 Ridgeway St, Hammond, WI 54015","72 Produce Row, St Louis, MO 63102",46.6526366,-96.4191562,44.9611159,-92.438396,38.6534191,-90.1888562
Sky Cafe,"5700 South Maryland Ave, Chicago, IL 60637, USA","5631 South Cottage Grove, Chicago, IL 60637","72 Produce Row, St Louis, MO 63102",41.7910241,-87.604903,41.792165,-87.605756,38.6534191,-90.1888562
Mace Cuba,"200 N Franklin Street, Cuba, MO 65453, USA","3201 East Division St., Springfield, MO 65802","72 Produce Row, St Louis, MO 63102",38.0638952,-91.4049047,37.2279896,-93.2269419,38.6534191,-90.1888562
Daggett's Fresh Foods,"104 1st Street NE, Hinckley, MN 55037, USA","275 74th St South, St. Cloud, MN 56301","72 Produce Row, St Louis, MO 63102",46.016393,-92.9415283,45.457926,-94.109887,38.6534191,-90.1888562
Hays Paragould,"1701 Paragould Plaza, Paragould, AR 72450, USA","500 Kapik Road, Hernando, MS 38632","72 Produce Row, St Louis, MO 63102",36.0549185,-90.5086149,34.8638931,-90.001612,38.6534191,-90.1888562
Food Smart Newport,"805 Highway 367 N, Newport, AR 72112, USA","500 Kapik Road, Hernando, MS 38632","72 Produce Row, St Louis, MO 63102",35.6128322,-91.2531112,34.8638931,-90.001612,38.6534191,-90.1888562
White's Foodliner Kingman,"858 East Avenue D, Kingman, KS 67068, USA","4701 Speaker Rd, Kansas City, KS 66106","72 Produce Row, St Louis, MO 63102",37.6458491,-98.1136734,39.0944368,-94.6864358,38.6534191,-90.1888562
White's Foodliner Lindsborg,"215 N Harrison Street, Lindsborg, KS 67456, USA","4701 Speaker Rd, Kansas City, KS 66106","72 Produce Row, St Louis, MO 63102",38.5758014,-97.6675439,39.0944368,-94.6864358,38.6534191,-90.1888562
King Food Saver Springfield - North Nolting Avenue,"335 North Nolting Avenue, Springfield, MO 65802, USA","3201 East Division St., Springfield, MO 65802","72 Produce Row, St Louis, MO 63102",37.210499,-93.3459785,37.2279896,-93.2269419,38.6534191,-90.1888562
Country Mart Hollister,"200 Southtowne Boulevard, Hollister, MO 65672, USA","3201 East Division St., Springfield, MO 65802","72 Produce Row, St Louis, MO 63102",36.6119278,-93.2290621,37.2279896,-93.2269419,38.6534191,-90.1888562
Country Mart Branson,"1447 State Hwy 248, Suite J, Branson, MO 65616, USA","3201 East Division St., Springfield, MO 65802","72 Produce Row, St Louis, MO 63102",36.6624648,-93.2410857,37.2279896,-93.2269419,38.6534191,-90.1888562
Price Cutter Ozark,"5504 North 17th Street, Ozark, MO 65721, USA","3201 East Division St., Springfield, MO 65802","72 Produce Row, St Louis, MO 63102",37.0720635,-93.2226162,37.2279896,-93.2269419,38.6534191,-90.1888562
Price Cutter Republic – US Hwy 60 East,"1013 US-60, Republic, MO 65738, USA","3201 East Division St., Springfield, MO 65802","72 Produce Row, St Louis, MO 63102",37.1261253,-93.4654559,37.2279896,-93.2269419,38.6534191,-90.1888562
Price Cutter Springfield - South National,"4228 South National Avenue, Springfield, MO 65810, USA","3201 East Division St., Springfield, MO 65802","72 Produce Row, St Louis, MO 63102",37.1361639,-93.2767845,37.2279896,-93.2269419,38.6534191,-90.1888562
Price Cutter Nixa,"400 North Massey Boulevard, Nixa, MO 65714, USA","3201 East Division St., Springfield, MO 65802","72 Produce Row, St Louis, MO 63102",37.045192,-93.3014025,37.2279896,-93.2269419,38.6534191,-90.1888562
Sunshine Foods Spring Valley,"501 N. Park Drive, Spring Valley, MN 55975, USA","275 74th St South, St. Cloud, MN 56301","72 Produce Row, St Louis, MO 63102",43.6991769,-92.3972434,45.457926,-94.109887,38.6534191,-90.1888562
Schnucks Mahomet,"202 Eastwood Dr, Mahomet, IL 61853, USA","8500 Scudder Rd, Kinloch, MO 63140","72 Produce Row, St Louis, MO 63102",40.1961495,-88.3951619,38.738523,-90.3304905,38.6534191,-90.1888562
IGA Jasper,"750 W 2nd Street, Jasper, IN 47546, USA","500 S. Cartwright St., Goodlettsville, TN 37072","72 Produce Row, St Louis, MO 63102",38.3891566,-86.9400324,36.3201535,-86.7057931,38.6534191,-90.1888562
Pruett's Food McAlester,"601 E Wyandotte Ave, McAlester, OK 74501, USA","5600 S Council, Oklahoma City, OK 73179","72 Produce Row, St Louis, MO 63102",34.9276642,-95.7621593,35.4110229,-97.6500294,38.6534191,-90.1888562
White's Foodliner Phillipsburg,"934 3rd Street, Phillipsburg, KS 67661, USA","4701 Speaker Rd, Kansas City, KS 66106","72 Produce Row, St Louis, MO 63102",39.758443,-99.3237314,39.0944368,-94.6864358,38.6534191,-90.1888562
White's Foodliner Lyons,"1105 W Main Street, Lyons, KS 67554, USA","4701 Speaker Rd, Kansas City, KS 66106","72 Produce Row, St Louis, MO 63102",38.3486904,-98.218165,39.0944368,-94.6864358,38.6534191,-90.1888562
White's Foodliner St. John,"329 N. US Highway 281, St. John, KS 67576, USA","4701 Speaker Rd, Kansas City, KS 66106","72 Produce Row, St Louis, MO 63102",38.0036363,-98.7477432,39.0944368,-94.6864358,38.6534191,-90.1888562
White's Foodliner Medicine Lodge,"225 S. Iliff, Medicine Lodge, KS 67104, USA","5600 S Council, Oklahoma City, OK 73179","72 Produce Row, St Louis, MO 63102",37.2781355,-98.5873837,35.4110229,-97.6500294,38.6534191,-90.1888562
Sunshine Foods Luverne,"205 E WARREN ST, Luverne, MN 56156 , USA","1810 S 16th St, Norfolk, NE 68701","72 Produce Row, St Louis, MO 63102",43.6533575,-96.2073152,42.0132401,-97.4319879,38.6534191,-90.1888562
Price Less IGA Louisville Rd,"3170 Louisville Rd, Bowling Green, KY 42101, USA","500 S. Cartwright St., Goodlettsville, TN 37072","72 Produce Row, St Louis, MO 63102",37.0091815,-86.3944439,36.3201535,-86.7057931,38.6534191,-90.1888562
White's Foodliner Osage,"880 Lakin Street, Osage City, KS 66523, USA","4701 Speaker Rd, Kansas City, KS 66106","72 Produce Row, St Louis, MO 63102",38.6381824,-95.8207397,39.0944368,-94.6864358,38.6534191,-90.1888562
Johns IGA Versailles,"1327 E Main St, Versailles, OH 45380, USA","Pearl River, LA 70452","72 Produce Row, St Louis, MO 63102",40.2253299,-84.465375,30.3760264,-89.7483972,38.6534191,-90.1888562
Red's Hometown Market Spring Grove,"500 East Main Street, Spring Grove, MN 55974, USA","275 74th St South, St. Cloud, MN 56301","72 Produce Row, St Louis, MO 63102",43.5611511,-91.6291127,45.457926,-94.109887,38.6534191,-90.1888562
Betty Ann Market Mascoutah,"95 Mascoutah Plaza Drive, Mascoutah, IL 62258, USA","3201 East Division St., Springfield, MO 65802","72 Produce Row, St Louis, MO 63102",38.496652,-89.7957505,37.2279896,-93.2269419,38.6534191,-90.1888562
Rivertown IGA New Richmond,"1041 Old US Highway 52 A, New Richmond, OH 45157, USA","500 S. Cartwright St., Goodlettsville, TN 37072","72 Produce Row, St Louis, MO 63102",38.9641446,-84.2853078,36.3201535,-86.7057931,38.6534191,-90.1888562
Schnucks Downtown,"315 N 9th Street, St. Louis, MO 63101, USA","8500 Scudder Rd, Kinloch, MO 63140","72 Produce Row, St Louis, MO 63102",38.6291542,-90.1940573,38.738523,-90.3304905,38.6534191,-90.1888562
Giant Eagle Glenshaw,"1671 Butler Plank Rd, Glenshaw, PA 15116, USA","735 Beechnut Drive, Pittsburgh, PA 15205","400 Wabash Road, Ephrata, PA 17522",40.5378264,-79.9652576,40.4514608,-80.0849837,40.2076711,-76.1532554
Giant Eagle Seven Fields,"206 Seven Fields Blvd, Seven Fields, PA 16046, USA","735 Beechnut Drive, Pittsburgh, PA 15205","400 Wabash Road, Ephrata, PA 17522",40.6895217,-80.0588029,40.4514608,-80.0849837,40.2076711,-76.1532554
Giant Eagle Monroeville,"4010 Monroeville Blvd, Monroeville, PA 15146, USA","735 Beechnut Drive, Pittsburgh, PA 15205","400 Wabash Road, Ephrata, PA 17522",40.4321241,-79.7726522,40.4514608,-80.0849837,40.2076711,-76.1532554
Giant Eagle McMurray,"4007 Washington Road, McMurray, PA 15317, USA","735 Beechnut Drive, Pittsburgh, PA 15205","400 Wabash Road, Ephrata, PA 17522",40.2691352,-80.1266328,40.4514608,-80.0849837,40.2076711,-76.1532554
Klema Apple Market Russell,"51 South Fossil Street, Russell, KS 67665, USA","4701 Speaker Rd, Kansas City, KS 66106","72 Produce Row, St Louis, MO 63102",38.8847247,-98.8550946,39.0944368,-94.6864358,38.6534191,-90.1888562
White's Foodliner Scott City,"1314 Main Street, Scott City, KS 67871, USA","5600 S Council, Oklahoma City, OK 73179","72 Produce Row, St Louis, MO 63102",38.4726949,-100.9059705,35.4110229,-97.6500294,38.6534191,-90.1888562
Jamboree Foods Norton,"117 N 2nd Avenue, Norton, KS 67654, USA","1810 S 16th St, Norfolk, NE 68701","72 Produce Row, St Louis, MO 63102",39.8297869,-99.8910176,42.0132401,-97.4319879,38.6534191,-90.1888562
Hartman's Supervalu Ortonville,"149 1st St NW, Ortonville, MN 56278, USA","1940 Ridgeway St, Hammond, WI 54015","72 Produce Row, St Louis, MO 63102",45.3055742,-96.4478329,44.9611159,-92.438396,38.6534191,-90.1888562
Darold's Supervalu Benson,"200 12th Street South, Benson, MN 56215, USA","1940 Ridgeway St, Hammond, WI 54015","72 Produce Row, St Louis, MO 63102",45.3130532,-95.6000008,44.9611159,-92.438396,38.6534191,-90.1888562
Sonny’s Super Foods Bridgeport,"310 Main Street, Bridgeport, NE 69336, USA","1810 S 16th St, Norfolk, NE 68701","72 Produce Row, St Louis, MO 63102",41.6736112,-103.0980483,42.0132401,-97.4319879,38.6534191,-90.1888562
Sonny’s Super Foods Sidney,"2020 10th Avenue, Sidney, NE 69162, USA","1810 S 16th St, Norfolk, NE 68701","72 Produce Row, St Louis, MO 63102",41.1339988,-102.9770782,42.0132401,-97.4319879,38.6534191,-90.1888562
Sonny’s Super Foods Cozad,"321 E 8th Street, Cozad, NE 69130, USA","1810 S 16th St, Norfolk, NE 68701","72 Produce Row, St Louis, MO 63102",40.8592235,-99.9821707,42.0132401,-97.4319879,38.6534191,-90.1888562
Sonny’s Super Foods Hot Springs,"801 Jensen Hwy, Hot Springs, SD 57747, USA","1810 S 16th St, Norfolk, NE 68701","72 Produce Row, St Louis, MO 63102",43.4237072,-103.4651359,42.0132401,-97.4319879,38.6534191,-90.1888562
Sunshine Foods Milford,"1704 Okoboji Avenue, Milford, IA 51351, USA","1810 S 16th St, Norfolk, NE 68701","72 Produce Row, St Louis, MO 63102",43.331964,-95.1491975,42.0132401,-97.4319879,38.6534191,-90.1888562
G&W Foods Iola,"802 East Madison Street, Iola, KS 66749, USA","3201 East Division St., Springfield, MO 65802","72 Produce Row, St Louis, MO 63102",37.9213962,-95.3948628,37.2279896,-93.2269419,38.6534191,-90.1888562
Village Market Cash Saver Hermann,"2092 Village Lane, Hermann, MO 65041, USA","3201 East Division St., Springfield, MO 65802","72 Produce Row, St Louis, MO 63102",38.7043386,-91.4378665,37.2279896,-93.2269419,38.6534191,-90.1888562